<?xml version="1.0" encoding="UTF-8"?>
<Context path="/OnlineQuizLab01">
    <Environment name="username" value="sa" type="java.lang.String"></Environment>
    <Environment name="password" value="sa" type="java.lang.String"></Environment>
    <Environment name="dbName" value="QuizDB" type="java.lang.String"></Environment>
    <Environment name="servername" value="localhost" type="java.lang.String"></Environment>
    <Environment name="port" value="1433" type="java.lang.String"></Environment>
    <Environment name="imgFolder" value="images" type="java.lang.String"></Environment>
    <Environment name="pageSize" value="5" type="java.lang.String"></Environment>
    <Environment name="pageGap" value="2" type="java.lang.String"></Environment>
</Context>
